Model	Launch	Core name	Tech	Socket	Cores	Threads	Freq (MHz)	Turbo (MHz)	FSB (MHz)	L2 Cache (KB)	L3 Cache (KB)	TDP (Watt)	DP FLOPs/cycle	DB FLOPS (No Turbo)	DB FLOPS/Watt
 E3-1240L v3 	 May 2014 	 Haswell LGA1150 	0.022	 Socket 1150 	4	8	2000	3000	  	1024	8192	25	16	128000	5120
 E3-1230L v3 	 Jun 2013 	 Haswell LGA1150 	0.022	 Socket 1150 	4	8	1800	2800	  	1024	8192	25	16	115200	4608
 E3-1275L v3 	 Jun 2014 	 Haswell LGA1150 	0.022	 Socket 1150 	4	8	2700	3900	  	1024	8192	45	16	172800	3840
 E3-1265L v3 	 Jun 2013 	 Haswell LGA1150 	0.022	 Socket 1150 	4	8	2500	3700	  	1024	8192	45	16	160000	3556
 E3-1268L v3 	 Jun 2013 	 Haswell LGA1150 	0.022	 Socket 1150 	4	8	2300	3300	  	1024	8192	45	16	147200	3271
 E3-1286L v3 	 Jun 2014 	 Haswell LGA1150 	0.022	 Socket 1150 	4	8	3200	4000	  	1024	8192	65	16	204800	3151
 E3-1285L v3 	 Jun 2013 	 Haswell LGA1150 	0.022	 Socket 1150 	4	8	3100	3900	  	1024	8192	65	16	198400	3052
 E3-1281 v3 	 Jun 2014 	 Haswell LGA1150 	0.022	 Socket 1150 	4	8	3700	4100	  	1024	8192	82	16	236800	2888
 E3-1271 v3 	 Jun 2014 	 Haswell LGA1150 	0.022	 Socket 1150 	4	8	3600	4000	  	1024	8192	80	16	230400	2880
 E3-1286 v3 	 Jun 2014 	 Haswell LGA1150 	0.022	 Socket 1150 	4	8	3700	4100	  	1024	8192	84	16	236800	2819
 E3-1280 v3 	 Jun 2013 	 Haswell LGA1150 	0.022	 Socket 1150 	4	8	3600	4000	  	1024	8192	82	16	230400	2810
 E3-1241 v3 	 Jun 2014 	 Haswell LGA1150 	0.022	 Socket 1150 	4	8	3500	3900	  	1024	8192	80	16	224000	2800
 E3-1270 v3 	 Jun 2013 	 Haswell LGA1150 	0.022	 Socket 1150 	4	8	3500	3900	  	1024	8192	80	16	224000	2800
 E3-1276 v3 	 Jun 2014 	 Haswell LGA1150 	0.022	 Socket 1150 	4	8	3600	4000	  	1024	8192	84	16	230400	2743
 E3-1285 v3 	 Jun 2013 	 Haswell LGA1150 	0.022	 Socket 1150 	4	8	3600	4000	  	1024	8192	84	16	230400	2743
 E3-1231 v3 	 Jun 2014 	 Haswell LGA1150 	0.022	 Socket 1150 	4	8	3400	3800	  	1024	8192	80	16	217600	2720
 E3-1240 v3 	 Jun 2013 	 Haswell LGA1150 	0.022	 Socket 1150 	4	8	3400	3800	  	1024	8192	80	16	217600	2720
 E3-1220L v3 	 Sep 2013 	 Haswell LGA1150 	0.022	 Socket 1150 	2	4	1100	1300	  	512	4096	13	16	35200	2708
 E3-1246 v3 	 Jun 2014 	 Haswell LGA1150 	0.022	 Socket 1150 	4	8	3500	3900	  	1024	8192	84	16	224000	2667
 E3-1275 v3 	 Jun 2013 	 Haswell LGA1150 	0.022	 Socket 1150 	4	8	3500	3900	  	1024	8192	84	16	224000	2667
 E3-1230 v3 	 Jun 2013 	 Haswell LGA1150 	0.022	 Socket 1150 	4	8	3300	3700	  	1024	8192	80	16	211200	2640
 E3-1245 v3 	 Jun 2013 	 Haswell LGA1150 	0.022	 Socket 1150 	4	8	3400	3800	  	1024	8192	84	16	217600	2590
 E3-1226 v3 	 Jun 2014 	 Haswell LGA1150 	0.022	 Socket 1150 	4	4	3300	3700	  	1024	8192	84	16	211200	2514
 E7-8880L v2 	 Feb 2014 	 Ivy Bridge-EX 	0.022	 Socket 2011-1 	15	30	2200	2800	 4000 (DMI/QPI) 	3840	38400	105	8	264000	2514
 E3-1220 v3 	 Jun 2013 	 Haswell LGA1150 	0.022	 Socket 1150 	4	4	3100	3500	  	1024	8192	80	16	198400	2480
 E3-1225 v3 	 Jun 2013 	 Haswell LGA1150 	0.022	 Socket 1150 	4	4	3200	3600	  	1024	8192	84	16	204800	2438
 E7-2880 v2 	 Feb 2014 	 Ivy Bridge-EX 	0.022	 Socket 2011-1 	15	30	2500	3100	 4000 (DMI/QPI) 	3840	38400	130	8	300000	2308
 E7-4880 v2 	 Feb 2014 	 Ivy Bridge-EX 	0.022	 Socket 2011-1 	15	30	2500	3100	 4000 (DMI/QPI) 	3840	38400	130	8	300000	2308
 E7-8880 v2 	 Feb 2014 	 Ivy Bridge-EX 	0.022	 Socket 2011-1 	15	30	2500	3100	 4000 (DMI/QPI) 	3840	38400	130	8	300000	2308
 E5-2450L v2 	 Jan 2014 	 Ivy Bridge-EN 	0.022	 Socket 1356 	10	20	1700	2100	 4000 (DMI/QPI) 	2560	25600	60	8	136000	2267
 E7-8857 v2 	 Feb 2014 	 Ivy Bridge-EX 	0.022	 Socket 2011-1 	12	12	3000	3600	 4000 (DMI/QPI) 	3072	30720	130	8	288000	2215
 E5-2648L v2 	 Sep 2013 	 Ivy Bridge-EP 	0.022	 Socket 2011 	10	20	1900	2500	 4000 (DMI/QPI) 	2560	25600	70	8	152000	2171
 E5-4624L v2 	 Mar 2014 	 Ivy Bridge-EP 	0.022	 Socket 2011 	10	20	1900	2500	 4000 (DMI/QPI) 	2560	25600	70	8	152000	2171
 E7-2890 v2 	 Feb 2014 	 Ivy Bridge-EX 	0.022	 Socket 2011-1 	15	30	2800	3400	 4000 (DMI/QPI) 	3840	38400	155	8	336000	2168
 E7-4890 v2 	 Feb 2014 	 Ivy Bridge-EX 	0.022	 Socket 2011-1 	15	30	2800	3400	 4000 (DMI/QPI) 	3840	38400	155	8	336000	2168
 E7-8890 v2 	 Feb 2014 	 Ivy Bridge-EX 	0.022	 Socket 2011-1 	15	30	2800	3400	 4000 (DMI/QPI) 	3840	38400	155	8	336000	2168
 E7-8895 v2 	 Feb 2014 	 Ivy Bridge-EX 	0.022	 Socket 2011-1 	15	30	2800	3600	 4000 (DMI/QPI) 	3840	38400	155	8	336000	2168
 E3-1220L v2 	 May 2012 	 Ivy Bridge-H2 	0.022	 Socket 1155 	2	4	2300	3500	  	512	3072	17	8	36800	2165
 E7-2870 v2 	 Feb 2014 	 Ivy Bridge-EX 	0.022	 Socket 2011-1 	15	30	2300	2900	 4000 (DMI/QPI) 	3840	30720	130	8	276000	2123
 E7-4870 v2 	 Feb 2014 	 Ivy Bridge-EX 	0.022	 Socket 2011-1 	15	30	2300	2900	 4000 (DMI/QPI) 	3840	30720	130	8	276000	2123
 E7-8870 v2 	 Feb 2014 	 Ivy Bridge-EX 	0.022	 Socket 2011-1 	15	30	2300	2900	 4000 (DMI/QPI) 	3840	30720	130	8	276000	2123
 E7-2850 v2 	 Feb 2014 	 Ivy Bridge-EX 	0.022	 Socket 2011-1 	12	24	2300	2800	 3600 (DMI/QPI) 	3072	24576	105	8	220800	2103
 E7-4850 v2 	 Feb 2014 	 Ivy Bridge-EX 	0.022	 Socket 2011-1 	12	24	2300	2800	 3600 (DMI/QPI) 	3072	24576	105	8	220800	2103
 E7-8850 v2 	 Feb 2014 	 Ivy Bridge-EX 	0.022	 Socket 2011-1 	12	24	2300	2800	 3600 (DMI/QPI) 	3072	24576	105	8	220800	2103
 E5-2448L v2 	 Jan 2014 	 Ivy Bridge-EN 	0.022	 Socket 1356 	10	20	1800	2400	 4000 (DMI/QPI) 	2560	25600	70	8	144000	2057
 E5-2470 v2 	 Jan 2014 	 Ivy Bridge-EN 	0.022	 Socket 1356 	10	20	2400	3200	 4000 (DMI/QPI) 	2560	25600	95	8	192000	2021
 E5-2658 v2 	 Sep 2013 	 Ivy Bridge-EP 	0.022	 Socket 2011 	10	20	2400	3000	 4000 (DMI/QPI) 	2560	25600	95	8	192000	2021
 E5-4650 v2 	 Mar 2014 	 Ivy Bridge-EP 	0.022	 Socket 2011 	10	20	2400	2900	 4000 (DMI/QPI) 	2560	25600	95	8	192000	2021
 E5-2695 v2 	 Sep 2013 	 Ivy Bridge-EP 	0.022	 Socket 2011 	12	24	2400	3200	 4000 (DMI/QPI) 	3072	30720	115	8	230400	2003
 E5-4657L v2 	 Mar 2014 	 Ivy Bridge-EP 	0.022	 Socket 2011 	12	24	2400	2900	 4000 (DMI/QPI) 	3072	30720	115	8	230400	2003
 E5-2697 v2 	 Sep 2013 	 Ivy Bridge-EP 	0.022	 Socket 2011 	12	24	2700	3500	 4000 (DMI/QPI) 	3072	30720	130	8	259200	1994
 E5-2680 v2 	 Sep 2013 	 Ivy Bridge-EP 	0.022	 Socket 2011 	10	20	2800	3600	 4000 (DMI/QPI) 	2560	25600	115	8	224000	1948
 E5-2650L v2 	 Sep 2013 	 Ivy Bridge-EP 	0.022	 Socket 2011 	10	20	1700	2100	 3600 (DMI/QPI) 	2560	25600	70	8	136000	1943
 E5-2418L v2 	 Jan 2014 	 Ivy Bridge-EN 	0.022	 Socket 1356 	6	12	2000	  	 3200 (DMI/QPI) 	1536	15360	50	8	96000	1920
 E5-2428L v2 	 Jan 2014 	 Ivy Bridge-EN 	0.022	 Socket 1356 	8	16	1800	2300	 3600 (DMI/QPI) 	2048	20480	60	8	115200	1920
 E5-2430L v2 	 Jan 2014 	 Ivy Bridge-EN 	0.022	 Socket 1356 	6	12	2400	2800	 3600 (DMI/QPI) 	1536	15360	60	8	115200	1920
 E5-2618L v2 	 Sep 2013 	 Ivy Bridge-EP 	0.022	 Socket 2011 	6	12	2000	  	 3200 (DMI/QPI) 	1536	15360	50	8	96000	1920
 E5-2630L v2 	 Sep 2013 	 Ivy Bridge-EP 	0.022	 Socket 2011 	6	12	2400	2800	 3600 (DMI/QPI) 	1536	15360	60	8	115200	1920
 E5-2673 v2 	 Dec 2013 	 Ivy Bridge-EP 	0.022	 Socket 2011 	8	16	3300	4000	 4000 (DMI/QPI) 	2048	25600	110	8	211200	1920
 E7-4860 v2 	 Feb 2014 	 Ivy Bridge-EX 	0.022	 Socket 2011-1 	12	24	2600	3200	 4000 (DMI/QPI) 	3072	30720	130	8	249600	1920
 E5-2660 v2 	 Sep 2013 	 Ivy Bridge-EP 	0.022	 Socket 2011 	10	20	2200	3000	 4000 (DMI/QPI) 	2560	25600	95	8	176000	1853
 E5-4640 v2 	 Mar 2014 	 Ivy Bridge-EP 	0.022	 Socket 2011 	10	20	2200	2700	 4000 (DMI/QPI) 	2560	20480	95	8	176000	1853
 E5-2690 v2 	 Sep 2013 	 Ivy Bridge-EP 	0.022	 Socket 2011 	10	20	3000	3600	 4000 (DMI/QPI) 	2560	25600	130	8	240000	1846
 E5-2692 v2 	  	 Ivy Bridge-EP 	0.022	 Socket 2011 	12	24	2200	  	  	3072	30720	115	8	211200	1837
 E5-2449L 	 May 2012 	 Sandy Bridge-EN 	0.032	 Socket 1356 	8	16	1400	1800	 4000 (DMI/QPI) 	2048	20480	50	8	89600	1792
 E3-1265L v2 	 May 2012 	 Ivy Bridge-H2 	0.022	 Socket 1155 	4	8	2500	3500	  	1024	8192	45	8	80000	1778
 E3-1220L 	 Apr 2011 	 Sandy Bridge 	0.032	 Socket 1155 	2	4	2200	3400	  	512	3072	20	8	35200	1760
 E5-1428L v2 	 Jan 2014 	 Ivy Bridge-EN 	0.022	 Socket 1356 	6	12	2200	2700	  	1536	15360	60	8	105600	1760
 E5-2650 v2 	 Sep 2013 	 Ivy Bridge-EP 	0.022	 Socket 2011 	8	16	2600	3400	 4000 (DMI/QPI) 	2048	20480	95	8	166400	1752
 E5-4620 v2 	 Mar 2014 	 Ivy Bridge-EP 	0.022	 Socket 2011 	8	16	2600	3000	 3600 (DMI/QPI) 	2048	20480	95	8	166400	1752
 E5-2670 v2 	 Sep 2013 	 Ivy Bridge-EP 	0.022	 Socket 2011 	10	20	2500	3300	 4000 (DMI/QPI) 	2560	25600	115	8	200000	1739
 E5-2628L v2 	 Sep 2013 	 Ivy Bridge-EP 	0.022	 Socket 2011 	8	16	1900	2400	 3600 (DMI/QPI) 	2048	20480	70	8	121600	1737
 E3-1260L 	 Apr 2011 	 Sandy Bridge 	0.032	 Socket 1155 	4	8	2400	3300	  	1024	8192	45	8	76800	1707
 E5-2450 v2 	 Jan 2014 	 Ivy Bridge-EN 	0.022	 Socket 1356 	8	16	2500	3300	 4000 (DMI/QPI) 	2048	20480	95	8	160000	1684
 E7-4830 v2 	 Feb 2014 	 Ivy Bridge-EX 	0.022	 Socket 2011-1 	10	20	2200	2700	 3600 (DMI/QPI) 	2560	20480	105	8	176000	1676
 E3-1280 v2 	 May 2012 	 Ivy Bridge-H2 	0.022	 Socket 1155 	4	8	3600	4000	  	1024	8192	69	8	115200	1670
 E7-8891 v2 	 Feb 2014 	 Ivy Bridge-EX 	0.022	 Socket 2011-1 	10	20	3200	3700	 4000 (DMI/QPI) 	2560	38400	155	8	256000	1652
 E5-2448L 	 May 2012 	 Sandy Bridge-EN 	0.032	 Socket 1356 	8	16	1800	2100	 4000 (DMI/QPI) 	2048	20480	70	8	115200	1646
 E5-2450L 	 May 2012 	 Sandy Bridge-EN 	0.032	 Socket 1356 	8	16	1800	2300	 4000 (DMI/QPI) 	2048	20480	70	8	115200	1646
 E5-2648L 	 Mar 2012 	 Sandy Bridge-EP 	0.032	 Socket 2011 	8	16	1800	2100	 4000 (DMI/QPI) 	2048	20480	70	8	115200	1646
 E5-2650L 	 Mar 2012 	 Sandy Bridge-EP 	0.032	 Socket 2011 	8	16	1800	2300	 4000 (DMI/QPI) 	2048	20480	70	8	115200	1646
 E5-2667 v2 	 Sep 2013 	 Ivy Bridge-EP 	0.022	 Socket 2011 	8	16	3300	4000	 4000 (DMI/QPI) 	2048	25600	130	8	211200	1625
 E5-4627 v2 	 Mar 2014 	 Ivy Bridge-EP 	0.022	 Socket 2011 	8	8	3300	3600	 3600 (DMI/QPI) 	2048	16384	130	8	211200	1625
 E3-1270 v2 	 May 2012 	 Ivy Bridge-H2 	0.022	 Socket 1155 	4	8	3500	3900	  	1024	8192	69	8	112000	1623
 E5-4640 	 May 2012 	 Sandy Bridge-EP 	0.032	 Socket 2011 	8	16	2400	2800	 4000 (DMI/QPI) 	2048	20480	95	8	153600	1617
 E5-2430L 	 May 2012 	 Sandy Bridge-EN 	0.032	 Socket 1356 	6	12	2000	2500	 3600 (DMI/QPI) 	1536	15360	60	8	96000	1600
 E5-2630L 	 Mar 2012 	 Sandy Bridge-EP 	0.032	 Socket 2011 	6	12	2000	2500	 3600 (DMI/QPI) 	1536	15360	60	8	96000	1600
 E3-1240 v2 	 May 2012 	 Ivy Bridge-H2 	0.022	 Socket 1155 	4	8	3400	3800	  	1024	8192	69	8	108800	1577
 E5-2630 v2 	 Sep 2013 	 Ivy Bridge-EP 	0.022	 Socket 2011 	6	12	2600	3100	 3600 (DMI/QPI) 	1536	15360	80	8	124800	1560
 E5-2470 	 May 2012 	 Sandy Bridge-EN 	0.032	 Socket 1356 	8	16	2300	3100	 4000 (DMI/QPI) 	2048	20480	95	8	147200	1549
 E5-4610 v2 	 Mar 2014 	 Ivy Bridge-EP 	0.022	 Socket 2011 	8	16	2300	2700	 3600 (DMI/QPI) 	2048	16384	95	8	147200	1549
 E3-1230 v2 	 May 2012 	 Ivy Bridge-H2 	0.022	 Socket 1155 	4	8	3300	3700	  	1024	8192	69	8	105600	1530
 E5-2430 v2 	 Jan 2014 	 Ivy Bridge-EN 	0.022	 Socket 1356 	6	12	2500	3000	 3600 (DMI/QPI) 	1536	15360	80	8	120000	1500
 E5-2660 	 Mar 2012 	 Sandy Bridge-EP 	0.032	 Socket 2011 	8	16	2200	3000	 4000 (DMI/QPI) 	2048	20480	95	8	140800	1482
 E5-4620 	 May 2012 	 Sandy Bridge-EP 	0.032	 Socket 2011 	8	16	2200	2600	 3600 (DMI/QPI) 	2048	16384	95	8	140800	1482
 E5-1680 v2 	 Sep 2013 	 Ivy Bridge-EP 	0.022	 Socket 2011 	8	16	3000	3900	  	2048	25600	130	8	192000	1477
 E3-1275 v2 	 May 2012 	 Ivy Bridge-H2 	0.022	 Socket 1155 	4	8	3500	3900	  	1024	8192	77	8	112000	1455
 E5-2687W v2 	 Sep 2013 	 Ivy Bridge-EP 	0.022	 Socket 2011 	8	16	3400	4000	 4000 (DMI/QPI) 	2048	25600	150	8	217600	1451
 E5-2670 	 Mar 2012 	 Sandy Bridge-EP 	0.032	 Socket 2011 	8	16	2600	3300	 4000 (DMI/QPI) 	2048	20480	115	8	166400	1447
 E5-2689 	 Mar 2012 	 Sandy Bridge-EP 	0.032	 Socket 2011 	8	16	2600	3600	 4000 (DMI/QPI) 	2048	20480	115	8	166400	1447
 E5-4650L 	 May 2012 	 Sandy Bridge-EP 	0.032	 Socket 2011 	8	16	2600	3100	 4000 (DMI/QPI) 	2048	20480	115	8	166400	1447
 E5-1428L 	 Jun 2012 	 Sandy Bridge-EN 	0.032	 Socket 1356 	6	12	1800	  	  	1536	15360	60	8	86400	1440
 E5-2428L 	 May 2012 	 Sandy Bridge-EN 	0.032	 Socket 1356 	6	12	1800	2000	 3600 (DMI/QPI) 	1536	15360	60	8	86400	1440
 E3-1220 v2 	 May 2012 	 Ivy Bridge-H2 	0.022	 Socket 1155 	4	4	3100	3500	  	1024	8192	69	8	99200	1438
 E5-2450 	 May 2012 	 Sandy Bridge-EN 	0.032	 Socket 1356 	8	16	2100	2900	 4000 (DMI/QPI) 	2048	20480	95	8	134400	1415
 E5-2658 	 Mar 2012 	 Sandy Bridge-EP 	0.032	 Socket 2011 	8	16	2100	2400	 4000 (DMI/QPI) 	2048	20480	95	8	134400	1415
 E3-1245 v2 	 May 2012 	 Ivy Bridge-H2 	0.022	 Socket 1155 	4	8	3400	3800	  	1024	8192	77	8	108800	1413
 E5-2690 	 Mar 2012 	 Sandy Bridge-EP 	0.032	 Socket 2011 	8	16	2900	3800	 4000 (DMI/QPI) 	2048	20480	135	8	185600	1375
 E5-1660 v2 	 Sep 2013 	 Ivy Bridge-EP 	0.022	 Socket 2011 	6	12	3700	4000	  	1536	15360	130	8	177600	1366
 E3-1290 v2 	 May 2012 	 Ivy Bridge-H2 	0.022	 Socket 1155 	4	8	3700	4100	  	1024	8192	87	8	118400	1361
 E3-1270 	 Apr 2011 	 Sandy Bridge 	0.032	 Socket 1155 	4	8	3400	3800	  	1024	8192	80	8	108800	1360
 E5-2640 v2 	 Sep 2013 	 Ivy Bridge-EP 	0.022	 Socket 2011 	8	16	2000	2500	 3600 (DMI/QPI) 	2048	20480	95	8	128000	1347
 E5-2650 	 Mar 2012 	 Sandy Bridge-EP 	0.032	 Socket 2011 	8	16	2000	2800	 4000 (DMI/QPI) 	2048	20480	95	8	128000	1347
 E5-2665 	 Mar 2012 	 Sandy Bridge-EP 	0.032	 Socket 2011 	8	16	2400	3100	 4000 (DMI/QPI) 	2048	20480	115	8	153600	1336
 E3-1225 v2 	 May 2012 	 Ivy Bridge-H2 	0.022	 Socket 1155 	4	4	3200	3600	  	1024	8192	77	8	102400	1330
 E5-2680 	 Mar 2012 	 Sandy Bridge-EP 	0.032	 Socket 2011 	8	16	2700	3500	 4000 (DMI/QPI) 	2048	20480	130	8	172800	1329
 E5-4650 	 May 2012 	 Sandy Bridge-EP 	0.032	 Socket 2011 	8	16	2700	3300	 4000 (DMI/QPI) 	2048	20480	130	8	172800	1329
 E5-2687W 	 Mar 2012 	 Sandy Bridge-EP 	0.032	 Socket 2011 	8	16	3100	3800	 4000 (DMI/QPI) 	2048	20480	150	8	198400	1323
 E3-1240 	 Apr 2011 	 Sandy Bridge 	0.032	 Socket 1155 	4	8	3300	3700	  	1024	8192	80	8	105600	1320
 E5-2420 v2 	 Jan 2014 	 Ivy Bridge-EN 	0.022	 Socket 1356 	6	12	2200	2700	 3600 (DMI/QPI) 	1536	15360	80	8	105600	1320
 E5-4607 v2 	 Mar 2014 	 Ivy Bridge-EP 	0.022	 Socket 2011 	6	12	2600	  	 3200 (DMI/QPI) 	1536	15360	95	8	124800	1314
 E5-1650 v2 	 Sep 2013 	 Ivy Bridge-EP 	0.022	 Socket 2011 	6	12	3500	3900	  	1536	12288	130	8	168000	1292
 E5-2643 v2 	 Sep 2013 	 Ivy Bridge-EP 	0.022	 Socket 2011 	6	12	3500	3800	 4000 (DMI/QPI) 	1536	25600	130	8	168000	1292
 E3-1230 	 Apr 2011 	 Sandy Bridge 	0.032	 Socket 1155 	4	8	3200	3600	  	1024	8192	80	8	102400	1280
 E5-2418L 	 May 2012 	 Sandy Bridge-EN 	0.032	 Socket 1356 	4	8	2000	2100	 3200 (DMI/QPI) 	1024	10240	50	8	64000	1280
 E5-2440 v2 	 Jan 2014 	 Ivy Bridge-EN 	0.022	 Socket 1356 	8	16	1900	2400	 3600 (DMI/QPI) 	2048	20480	95	8	121600	1280
 E5-2640 	 Mar 2012 	 Sandy Bridge-EP 	0.032	 Socket 2011 	6	12	2500	3000	 3600 (DMI/QPI) 	1536	15360	95	8	120000	1263
 E5-2620 v2 	 Sep 2013 	 Ivy Bridge-EP 	0.022	 Socket 2011 	6	12	2100	2600	 3600 (DMI/QPI) 	1536	15360	80	8	100800	1260
 E3-1220 	 Apr 2011 	 Sandy Bridge 	0.032	 Socket 1155 	4	4	3100	3400	  	1024	8192	80	8	99200	1240
 E7-4820 v2 	 Feb 2014 	 Ivy Bridge-EX 	0.022	 Socket 2011-1 	8	16	2000	2500	 3600 (DMI/QPI) 	2048	16384	105	8	128000	1219
 E5-1660 	 Mar 2012 	 Sandy Bridge-EP 	0.032	 Socket 2011 	6	12	3300	3900	  	1536	15360	130	8	158400	1218
 E3-1290 	 May 2011 	 Sandy Bridge 	0.032	 Socket 1155 	4	8	3600	4000	  	1024	8192	95	8	115200	1213
 E5-2440 	 May 2012 	 Sandy Bridge-EN 	0.032	 Socket 1356 	6	12	2400	2900	 3600 (DMI/QPI) 	1536	15360	95	8	115200	1213
 E5-4610 	 May 2012 	 Sandy Bridge-EP 	0.032	 Socket 2011 	6	12	2400	2900	 3600 (DMI/QPI) 	1536	15360	95	8	115200	1213
 E5-1650 	 Mar 2012 	 Sandy Bridge-EP 	0.032	 Socket 2011 	6	12	3200	3800	  	1536	12288	130	8	153600	1182
 E3-1280 	 Apr 2011 	 Sandy Bridge 	0.032	 Socket 1155 	4	8	3500	3900	  	1024	8192	95	8	112000	1179
 E5-2630 	 Mar 2012 	 Sandy Bridge-EP 	0.032	 Socket 2011 	6	12	2300	2800	 3600 (DMI/QPI) 	1536	15360	95	8	110400	1162
 E3-1275 	 Apr 2011 	 Sandy Bridge 	0.032	 Socket 1155 	4	8	3400	3800	  	1024	8192	95	8	108800	1145
 E5-1410 	 May 2012 	 Sandy Bridge-EN 	0.032	 Socket 1356 	4	8	2800	3200	  	1024	10240	80	8	89600	1120
 E5-1410 v2 	 Jan 2014 	 Ivy Bridge-EN 	0.022	 Socket 1356 	4	8	2800	3200	  	1024	10240	80	8	89600	1120
 E3-1245 	 Apr 2011 	 Sandy Bridge 	0.032	 Socket 1155 	4	8	3300	3700	  	1024	8192	95	8	105600	1112
 E5-2430 	 May 2012 	 Sandy Bridge-EN 	0.032	 Socket 1356 	6	12	2200	2700	 3600 (DMI/QPI) 	1536	15360	95	8	105600	1112
 E5-4607 	 May 2012 	 Sandy Bridge-EP 	0.032	 Socket 2011 	6	12	2200	  	 3200 (DMI/QPI) 	1536	12288	95	8	105600	1112
 E3-1235 	 Apr 2011 	 Sandy Bridge 	0.032	 Socket 1155 	4	8	3200	3600	  	1024	8192	95	8	102400	1078
 E5-2667 	 Mar 2012 	 Sandy Bridge-EP 	0.032	 Socket 2011 	6	12	2900	3500	 4000 (DMI/QPI) 	1536	15360	130	8	139200	1071
 E5-4617 	 May 2012 	 Sandy Bridge-EP 	0.032	 Socket 2011 	6	6	2900	3400	 3600 (DMI/QPI) 	1536	15360	130	8	139200	1071
 E7-8893 v2 	 Feb 2014 	 Ivy Bridge-EX 	0.022	 Socket 2011-1 	6	12	3400	3700	 4000 (DMI/QPI) 	1536	38400	155	8	163200	1053
 E3-1225 	 Apr 2011 	 Sandy Bridge 	0.032	 Socket 1155 	4	4	3100	3400	  	1024	6144	95	8	99200	1044
 E5-2620 	 Mar 2012 	 Sandy Bridge-EP 	0.032	 Socket 2011 	6	12	2000	2500	 3600 (DMI/QPI) 	1536	15360	95	8	96000	1011
 E5-2609 v2 	 Sep 2013 	 Ivy Bridge-EP 	0.022	 Socket 2011 	4	4	2500	  	 3200 (DMI/QPI) 	1024	10240	80	8	80000	1000
 E5-2407 v2 	 Jan 2014 	 Ivy Bridge-EN 	0.022	 Socket 1356 	4	4	2400	  	 3200 (DMI/QPI) 	1024	10240	80	8	76800	960
 E5-2420 	 May 2012 	 Sandy Bridge-EN 	0.032	 Socket 1356 	6	12	1900	2400	 3600 (DMI/QPI) 	1536	15360	95	8	91200	960
 L5645 	  	 Westmere-EP 	0.032	 Socket 1366 	6	12	2400	2933	 2933 (DMI/QPI) 	1536	12288	60	4	57600	960
 E5-2609 	 Mar 2012 	 Sandy Bridge-EP 	0.032	 Socket 2011 	4	4	2400	  	 3200 (DMI/QPI) 	1024	10240	80	8	76800	960
 E5-1620 v2 	 Sep 2013 	 Ivy Bridge-EP 	0.022	 Socket 2011 	4	8	3700	3900	  	1024	10240	130	8	118400	911
 L5640 	 Mar 2010 	 Westmere-EP 	0.032	 Socket 1366 	6	12	2267	2800	 2933 (DMI/QPI) 	1536	12288	60	4	54408	907
 E5-1620 	 Mar 2012 	 Sandy Bridge-EP 	0.032	 Socket 2011 	4	8	3600	3800	  	1024	10240	130	8	115200	886
 E5-2407 	 May 2012 	 Sandy Bridge-EN 	0.032	 Socket 1356 	4	4	2200	  	 3200 (DMI/QPI) 	1024	10240	80	8	70400	880
 E7-4809 v2 	 Feb 2014 	 Ivy Bridge-EX 	0.022	 Socket 2011-1 	6	12	1900	  	 3200 (DMI/QPI) 	1536	12288	105	8	91200	869
 E5-2637 v2 	 Sep 2013 	 Ivy Bridge-EP 	0.022	 Socket 2011 	4	8	3500	3800	 4000 (DMI/QPI) 	1024	15360	130	8	112000	862
 L5630 	 Mar 2010 	 Westmere-EP 	0.032	 Socket 1366 	4	8	2133	2400	 2933 (DMI/QPI) 	1024	12288	40	4	34128	853
 L5639 	  	 Westmere-EP 	0.032	 Socket 1366 	6	12	2133	2667	 2933 (DMI/QPI) 	1536	12288	60	4	51192	853
 E7-8867L 	 Apr 2011 	 Westmere-EX 	0.032	 Socket 1567 	10	20	2133	2533	 3200 (DMI/QPI) 	2560	30720	105	4	85320	813
 E5-2643 	 Mar 2012 	 Sandy Bridge-EP 	0.032	 Socket 2011 	4	8	3300	3500	 4000 (DMI/QPI) 	1024	10240	130	8	105600	812
 L5638 	 Mar 2010 	 Westmere-EP 	0.032	 Socket 1366 	6	12	2000	2400	 2933 (DMI/QPI) 	1536	12288	60	4	48000	800
 X5675 	 Feb 2011 	 Westmere-EP 	0.032	 Socket 1366 	6	12	3067	3467	 3200 (DMI/QPI) 	1536	12288	95	4	73608	775
 E5649 	 Feb 2011 	 Westmere-EP 	0.032	 Socket 1366 	6	12	2533	2933	 2933 (DMI/QPI) 	1536	12288	80	4	60792	760
 L5609 	 Mar 2010 	 Westmere-EP 	0.032	 Socket 1366 	4	4	1867	  	 2400 (DMI/QPI) 	1024	12288	40	4	29872	747
 L5618 	 Mar 2010 	 Westmere-EP 	0.032	 Socket 1366 	4	8	1867	2267	 2933 (DMI/QPI) 	1024	12288	40	4	29872	747
 X5670 	 Mar 2010 	 Westmere-EP 	0.032	 Socket 1366 	6	12	2933	3333	 3200 (DMI/QPI) 	1536	12288	95	4	70392	741
 E5-4603 v2 	 Mar 2014 	 Ivy Bridge-EP 	0.022	 Socket 2011 	4	8	2200	  	 3200 (DMI/QPI) 	1024	10240	95	8	70400	741
 E7-2870 	 Apr 2011 	 Westmere-EX 	0.032	 Socket 1567 	10	20	2400	2800	 3200 (DMI/QPI) 	2560	30720	130	4	96000	738
 E7-4870 	 Apr 2011 	 Westmere-EX 	0.032	 Socket 1567 	10	20	2400	2800	 3200 (DMI/QPI) 	2560	30720	130	4	96000	738
 E7-8870 	 Apr 2011 	 Westmere-EX 	0.032	 Socket 1567 	10	20	2400	2800	 3200 (DMI/QPI) 	2560	30720	130	4	96000	738
 E5-1607 	 Mar 2012 	 Sandy Bridge-EP 	0.032	 Socket 2011 	4	4	3000	  	  	1024	10240	130	8	96000	738
 E5-1607 v2 	 Sep 2013 	 Ivy Bridge-EP 	0.022	 Socket 2011 	4	4	3000	  	  	1024	10240	130	8	96000	738
 E5-2403 	 May 2012 	 Sandy Bridge-EN 	0.032	 Socket 1356 	4	4	1800	  	 3200 (DMI/QPI) 	1024	10240	80	8	57600	720
 E5-2403 v2 	 Jan 2014 	 Ivy Bridge-EN 	0.022	 Socket 1356 	4	4	1800	  	 3200 (DMI/QPI) 	1024	10240	80	8	57600	720
 E5645 	 Mar 2010 	 Westmere-EP 	0.032	 Socket 1366 	6	12	2400	2800	 2933 (DMI/QPI) 	1536	12288	80	4	57600	720
 E5-2603 	 Mar 2012 	 Sandy Bridge-EP 	0.032	 Socket 2011 	4	4	1800	  	 3200 (DMI/QPI) 	1024	10240	80	8	57600	720
 E5-2603 v2 	 Sep 2013 	 Ivy Bridge-EP 	0.022	 Socket 2011 	4	4	1800	  	 3200 (DMI/QPI) 	1024	10240	80	8	57600	720
 X5660 	 Mar 2010 	 Westmere-EP 	0.032	 Socket 1366 	6	12	2800	3200	 3200 (DMI/QPI) 	1536	12288	95	4	67200	707
 E7-2860 	 Apr 2011 	 Westmere-EX 	0.032	 Socket 1567 	10	20	2267	2667	 3200 (DMI/QPI) 	2560	24576	130	4	90680	698
 E7-4860 	 Apr 2011 	 Westmere-EX 	0.032	 Socket 1567 	10	20	2267	2667	 3200 (DMI/QPI) 	2560	24576	130	4	90680	698
 E7-8860 	 Apr 2011 	 Westmere-EX 	0.032	 Socket 1567 	10	20	2267	2667	 3200 (DMI/QPI) 	2560	24576	130	4	90680	698
 E5-1603 	 Mar 2012 	 Sandy Bridge-EP 	0.032	 Socket 2011 	4	4	2800	  	  	1024	10240	130	8	89600	689
 X5650 	 Mar 2010 	 Westmere-EP 	0.032	 Socket 1366 	6	12	2667	3067	 3200 (DMI/QPI) 	1536	12288	95	4	64008	674
 E5-4603 	 May 2012 	 Sandy Bridge-EP 	0.032	 Socket 2011 	4	8	2000	  	 3200 (DMI/QPI) 	1024	10240	95	8	64000	674
 L3426 	 Sep 2009 	 Lynnfield 	0.045	 Socket 1156 	4	8	1867	3200	  	1024	8192	45	4	29872	664
 E7-8837 	 Apr 2011 	 Westmere-EX 	0.032	 Socket 1567 	8	8	2667	2800	 3200 (DMI/QPI) 	2048	24576	130	4	85344	656
 E7-2830 	 Apr 2011 	 Westmere-EX 	0.032	 Socket 1567 	8	16	2133	2400	 3200 (DMI/QPI) 	2048	24576	105	4	68256	650
 E7-4830 	 Apr 2011 	 Westmere-EX 	0.032	 Socket 1567 	8	16	2133	2400	 3200 (DMI/QPI) 	2048	24576	105	4	68256	650
 E7-8830 	 Apr 2011 	 Westmere-EX 	0.032	 Socket 1567 	8	16	2133	2400	 3200 (DMI/QPI) 	2048	24576	105	4	68256	650
 L5530 	 Aug 2009 	 Nehalem-EP 	0.045	 Socket 1366 	4	8	2400	2667	 2933 (DMI/QPI) 	1024	8192	60	4	38400	640
 X5690 	 Feb 2011 	 Westmere-EP 	0.032	 Socket 1366 	6	12	3467	3733	 3200 (DMI/QPI) 	1536	12288	130	4	83208	640
 L7555 	 Mar 2010 	 Beckton 	0.045	 Socket 1567 	8	16	1867	2533	 2933 (DMI/QPI) 	2048	24576	95	4	59744	629
 X5680 	 Mar 2010 	 Westmere-EP 	0.032	 Socket 1366 	6	12	3333	3600	 3200 (DMI/QPI) 	1536	12288	130	4	79992	615
 E7-2850 	 Apr 2011 	 Westmere-EX 	0.032	 Socket 1567 	10	20	2000	2400	 3200 (DMI/QPI) 	2560	24576	130	4	80000	615
 E7-4850 	 Apr 2011 	 Westmere-EX 	0.032	 Socket 1567 	10	20	2000	2400	 3200 (DMI/QPI) 	2560	24576	130	4	80000	615
 E7-8850 	 Apr 2011 	 Westmere-EX 	0.032	 Socket 1567 	10	20	2000	2400	 3200 (DMI/QPI) 	2560	24576	130	4	80000	615
 E7-2820 	 Apr 2011 	 Westmere-EX 	0.032	 Socket 1567 	8	16	2000	2267	 2933 (DMI/QPI) 	2048	18432	105	4	64000	610
 E7-4820 	 Apr 2011 	 Westmere-EX 	0.032	 Socket 1567 	8	16	2000	2267	 2933 (DMI/QPI) 	2048	18432	105	4	64000	610
 L3406 	 Mar 2010 	 Clarkdale 	0.032	 Socket 1156 	2	4	2267	2533	  	512	4096	30	4	18136	605
 L5520 	 Mar 2009 	 Nehalem-EP 	0.045	 Socket 1366 	4	8	2267	2533	 2933 (DMI/QPI) 	1024	8192	60	4	36272	605
 E5-2637 	 Mar 2012 	 Sandy Bridge-EP 	0.032	 Socket 2011 	2	4	3000	3500	 4000 (DMI/QPI) 	512	5120	80	8	48000	600
 LC5518 	 Feb 2010 	 Jasper Forest 	0.045	 Socket 1366 	4	8	1733	2133	 2400 (DMI/QPI) 	1024	8192	48	4	27728	578
 L5506 	 Mar 2009 	 Nehalem-EP 	0.045	 Socket 1366 	4	4	2133	  	 2400 (DMI/QPI) 	1024	4096	60	4	34128	569
 L5518 	 Mar 2009 	 Nehalem-EP 	0.045	 Socket 1366 	4	8	2133	2400	 2933 (DMI/QPI) 	1024	8192	60	4	34128	569
 LC5528 	 Feb 2010 	 Jasper Forest 	0.045	 Socket 1366 	4	8	2133	2533	 2400 (DMI/QPI) 	1024	8192	60	4	34128	569
 X7560 	 Mar 2010 	 Beckton 	0.045	 Socket 1567 	8	16	2267	2667	 3200 (DMI/QPI) 	2048	24576	130	4	72544	558
 X5672 	 Feb 2011 	 Westmere-EP 	0.032	 Socket 1366 	4	8	3200	3600	 3200 (DMI/QPI) 	1024	12288	95	4	51200	539
 L3403 	 Jun 2010 	 Clarkdale 	0.032	 Socket 1156 	2	2	2000	  	  	512	4096	30	4	16000	533
 E5640 	 Mar 2010 	 Westmere-EP 	0.032	 Socket 1366 	4	8	2667	2933	 2933 (DMI/QPI) 	1024	12288	80	4	42672	533
 EC3539 	 Feb 2010 	 Jasper Forest 	0.045	 Socket 1366 	4	4	2133	  	  	1024	8192	65	4	34128	525
 X3480 	 May 2010 	 Lynnfield 	0.045	 Socket 1156 	4	8	3067	3733	  	1024	8192	95	4	49072	517
 X5667 	 Mar 2010 	 Westmere-EP 	0.032	 Socket 1366 	4	8	3067	3467	 3200 (DMI/QPI) 	1024	12288	95	4	49072	517
 E5540 	 Mar 2009 	 Nehalem-EP 	0.045	 Socket 1366 	4	8	2533	2800	 2933 (DMI/QPI) 	1024	8192	80	4	40528	507
 E5630 	 Mar 2010 	 Westmere-EP 	0.032	 Socket 1366 	4	8	2533	2800	 2933 (DMI/QPI) 	1024	12288	80	4	40528	507
 X3470 	 Sep 2009 	 Lynnfield 	0.045	 Socket 1156 	4	8	2933	3600	  	1024	8192	95	4	46928	494
 X5570 	 Mar 2009 	 Nehalem-EP 	0.045	 Socket 1366 	4	8	2933	3333	 3200 (DMI/QPI) 	1024	8192	95	4	46928	494
 X6550 	 Mar 2010 	 Nehalem-EX 	0.045	 Socket 1567 	8	16	2000	2400	 3200 (DMI/QPI) 	2048	18432	130	4	64000	492
 X7542 	 Mar 2010 	 Beckton 	0.045	 Socket 1567 	6	6	2667	2800	 2933 (DMI/QPI) 	1536	18432	130	4	64008	492
 X7550 	 Mar 2010 	 Beckton 	0.045	 Socket 1567 	8	16	2000	2400	 3200 (DMI/QPI) 	2048	18432	130	4	64000	492
 E5530 	 Mar 2009 	 Nehalem-EP 	0.045	 Socket 1366 	4	8	2400	2667	 2933 (DMI/QPI) 	1024	8192	80	4	38400	480
 E5620 	 Mar 2010 	 Westmere-EP 	0.032	 Socket 1366 	4	8	2400	2667	 2933 (DMI/QPI) 	1024	12288	80	4	38400	480
 EC5549 	 Feb 2010 	 Jasper Forest 	0.045	 Socket 1366 	4	8	2533	2933	 2933 (DMI/QPI) 	1024	8192	85	4	40528	477
 X3460 	 Sep 2009 	 Lynnfield 	0.045	 Socket 1156 	4	8	2800	3467	  	1024	8192	95	4	44800	472
 X5560 	 Mar 2009 	 Nehalem-EP 	0.045	 Socket 1366 	4	8	2800	3200	 3200 (DMI/QPI) 	1024	8192	95	4	44800	472
 E7-4807 	 Apr 2011 	 Westmere-EX 	0.032	 Socket 1567 	6	12	1867	  	 2400 (DMI/QPI) 	1536	18432	95	4	44808	472
 L7545 	 Mar 2010 	 Beckton 	0.045	 Socket 1567 	6	12	1867	2533	 2933 (DMI/QPI) 	1536	18432	95	4	44808	472
 E6540 	 Mar 2010 	 Nehalem-EX 	0.045	 Socket 1567 	6	12	2000	2267	 3200 (DMI/QPI) 	1536	18432	105	4	48000	457
 E7540 	 Mar 2010 	 Beckton 	0.045	 Socket 1567 	6	12	2000	2267	 3200 (DMI/QPI) 	1536	18432	105	4	48000	457
 E5507 	 Mar 2010 	 Nehalem-EP 	0.045	 Socket 1366 	4	4	2267	  	 2400 (DMI/QPI) 	1024	4096	80	4	36272	453
 E5520 	 Mar 2009 	 Nehalem-EP 	0.045	 Socket 1366 	4	8	2267	2533	 2933 (DMI/QPI) 	1024	8192	80	4	36272	453
 E5607 	 Feb 2011 	 Westmere-EP 	0.032	 Socket 1366 	4	4	2267	  	 2400 (DMI/QPI) 	1024	8192	80	4	36272	453
 X3450 	 Sep 2009 	 Lynnfield 	0.045	 Socket 1156 	4	8	2667	3200	  	1024	8192	95	4	42672	449
 X5550 	 Mar 2009 	 Nehalem-EP 	0.045	 Socket 1366 	4	8	2667	3067	 3200 (DMI/QPI) 	1024	8192	95	4	42672	449
 X5687 	 Feb 2011 	 Westmere-EP 	0.032	 Socket 1366 	4	8	3600	3867	 3200 (DMI/QPI) 	1024	12288	130	4	57600	443
 X3440 	 Sep 2009 	 Lynnfield 	0.045	 Socket 1156 	4	8	2533	2933	  	1024	8192	95	4	40528	427
 E5506 	 Mar 2009 	 Nehalem-EP 	0.045	 Socket 1366 	4	4	2133	  	 2400 (DMI/QPI) 	1024	4096	80	4	34128	427
 E5606 	 Feb 2011 	 Westmere-EP 	0.032	 Socket 1366 	4	4	2133	  	 2400 (DMI/QPI) 	1024	8192	80	4	34128	427
 X5677 	 Mar 2010 	 Westmere-EP 	0.032	 Socket 1366 	4	8	3467	3733	 3200 (DMI/QPI) 	1024	12288	130	4	55472	427
 E7530 	 Mar 2010 	 Beckton 	0.045	 Socket 1567 	6	12	1867	2133	 2933 (DMI/QPI) 	1536	12288	105	4	44808	427
 L5508 	 Mar 2009 	 Nehalem-EP 	0.045	 Socket 1366 	2	4	2000	2400	 2933 (DMI/QPI) 	512	8192	38	4	16000	421
 W3580 	 Aug 2009 	 Nehalem-WS 	0.045	 Socket 1366 	4	8	3333	3600	 3200 (DMI/QPI) 	1024	8192	130	4	53328	410
 W5590 	 Aug 2009 	 Nehalem-EP 	0.045	 Socket 1366 	4	8	3333	3600	 3200 (DMI/QPI) 	1024	8192	130	4	53328	410
 X3430 	 Sep 2009 	 Lynnfield 	0.045	 Socket 1156 	4	4	2400	2800	  	1024	8192	95	4	38400	404
 E5504 	 Mar 2009 	 Nehalem-EP 	0.045	 Socket 1366 	4	4	2000	  	 2400 (DMI/QPI) 	1024	4096	80	4	32000	400
 LC3528 	 Feb 2010 	 Jasper Forest 	0.045	 Socket 1366 	2	4	1733	2133	  	512	4096	35	4	13864	396
 E7-2803 	 Apr 2011 	 Westmere-EX 	0.032	 Socket 1567 	6	12	1733	  	 2400 (DMI/QPI) 	1536	18432	105	4	41592	396
 W3565 	 Nov 2009 	 Nehalem-WS 	0.045	 Socket 1366 	4	8	3200	3467	 2400 (DMI/QPI) 	1024	8192	130	4	51200	394
 W3570 	 Mar 2009 	 Nehalem-WS 	0.045	 Socket 1366 	4	8	3200	3467	 3200 (DMI/QPI) 	1024	8192	130	4	51200	394
 W5580 	 Mar 2009 	 Nehalem-EP 	0.045	 Socket 1366 	4	8	3200	3467	 3200 (DMI/QPI) 	1024	8192	130	4	51200	394
 W3550 	 Aug 2009 	 Nehalem-WS 	0.045	 Socket 1366 	4	8	3067	3333	 2400 (DMI/QPI) 	1024	8192	130	4	49072	377
 EC5509 	 Feb 2010 	 Jasper Forest 	0.045	 Socket 1366 	4	4	2000	  	 2400 (DMI/QPI) 	1024	8192	85	4	32000	376
 W3540 	 Mar 2009 	 Nehalem-WS 	0.045	 Socket 1366 	4	8	2933	3200	 2400 (DMI/QPI) 	1024	8192	130	4	46928	361
 X5647 	 Feb 2011 	 Westmere-EP 	0.032	 Socket 1366 	4	8	2933	3200	 2933 (DMI/QPI) 	1024	12288	130	4	46928	361
 W3530 	 Mar 2010 	 Nehalem-WS 	0.045	 Socket 1366 	4	8	2800	3067	 2400 (DMI/QPI) 	1024	8192	130	4	44800	345
 W3520 	 Mar 2009 	 Nehalem-WS 	0.045	 Socket 1366 	4	8	2667	2933	 2400 (DMI/QPI) 	1024	8192	130	4	42672	328
 E5603 	 Feb 2011 	 Westmere-EP 	0.032	 Socket 1366 	4	4	1600	  	 2400 (DMI/QPI) 	1024	4096	80	4	25600	320
 E7520 	 Mar 2010 	 Beckton 	0.045	 Socket 1567 	4	8	1867	  	 2400 (DMI/QPI) 	1024	18432	95	4	29872	314
 LC3518 	 Feb 2010 	 Jasper Forest 	0.045	 Socket 1366 	1	1	1733	  	  	256	2048	23	4	6932	301
 EC5539 	 Feb 2010 	 Jasper Forest 	0.045	 Socket 1366 	2	2	2267	  	 2933 (DMI/QPI) 	512	4096	65	4	18136	279
 X5698 	 Mar 2011 	 Westmere-EP 	0.032	 Socket 1366 	2	4	4400	  	  	512	12288	130	4	35200	271
 E6510 	 Mar 2010 	 Nehalem-EX 	0.045	 Socket 1567 	4	8	1733	  	 2400 (DMI/QPI) 	1024	12288	105	4	27728	264
 E5503 	 Mar 2010 	 Nehalem-EP 	0.045	 Socket 1366 	2	2	2000	  	 2400 (DMI/QPI) 	512	4096	80	4	16000	200
 E5502 	 Mar 2009 	 Nehalem-EP 	0.045	 Socket 1366 	2	2	1867	  	 2400 (DMI/QPI) 	512	4096	80	4	14936	187
 W3505 	 Mar 2009 	 Nehalem-WS 	0.045	 Socket 1366 	2	2	2533	  	 2400 (DMI/QPI) 	512	4096	130	4	20264	156
 W3503 	 Mar 2009 	 Nehalem-WS 	0.045	 Socket 1366 	2	2	2400	  	 2400 (DMI/QPI) 	512	4096	130	4	19200	148
 E3-1105C 	 May 2012 	 Sandy Bridge Gladden 	0.032	 BGA1284 	4	8	1000	  	  	1024	6144	25		0	0
 E3-1105C v2 	 Sep 2013 	 Ivy Bridge Gladden 	0.022	 BGA1284 	4	8	1800	  	  	1024	8192	25		0	0
 E3-1125C 	 May 2012 	 Sandy Bridge Gladden 	0.032	 BGA1284 	4	8	2000	  	  	1024	8192	40		0	0
 E3-1125C v2 	 Sep 2013 	 Ivy Bridge Gladden 	0.022	 BGA1284 	4	8	2500	  	  	1024	8192	40		0	0
 E3-1135C v2 	 Sep 2013 	 Ivy Bridge Gladden 	0.022	 BGA1284 	4	8	3000	  	  	1024	8192	55		0	0
 E3-1284L v3 	 Feb 2014 	 Crystal Well 	0.022	 BGA1364 	4	8	1800	3200	  	1024	6144	47		0	0
 W3670 	 Aug 2010 	  	0.032	 Socket 1366 	6	12	3200	3467	 2400 (DMI/QPI) 	1536	12288	130		0	0
 W3680 	 Mar 2010 	  	0.032	 Socket 1366 	6	12	3333	3600	 3200 (DMI/QPI) 	1536	12288	130		0	0
 W3690 	 Feb 2011 	  	0.032	 Socket 1366 	6	12	3467	3733	 3200 (DMI/QPI) 	1536	12288	130		0	0
 X5679 	  	 Westmere-EP 	0.032	 Socket 1366 	6	12	3200	  	 3200 (DMI/QPI) 	1536	12288	   	4	76800	0
 E5-2651 v2 	 Nov 2013 	 Ivy Bridge-EP 	0.022	 Socket 2011 	12	24	1800	  	  	3072	30720	   	8	172800	0
 E5-2696 v2 	  	 Ivy Bridge-EP 	0.022	 Socket 2011 	12	24	2500	3300	  	3072	30720	   	8	240000	0
